{"features":[{"curveId":"geometric petal","param":[4.606,0.61556589743274759],"axis1":{"Pt1":[6.4792033346921247,-16.88977382695596,-15.810300935639489],"Pt2":[16.519543158369757,-18.457836256247802,-22.63296660110543]},"axis2":{"Pt1":[10.851678579899826,-19.049262350282625,-19.858668006781976],"Pt2":[12.661489261449619,-15.205912300460621,-18.078645059884526]},"vertices":[1147,53485,53672,55772,55773,55776,55849,55871,55872,55875,55876,55878,55886,55888,55889,55890,55891,56010,56174,56175,56196,56197,56199,56206,56210,56275,56276,56289,56299,56301,56307,56308,56315,56321,56322,56324,56326,56327,56328,56332,56333,56349,56350,56353,56356,56365,56373,56375,56376,56382,56383,56390,56461,56462,56463,56467,56468,56483,56485,56487,56489,56491,56492,56493,56497,56498,56502,56541,56544,56545,56554,56563,56568,56679,56686,56808,57120,57122,57137,57141,57148,57149,57192,57198,57213,57217,57218,57219,57220,57221,57222,57232,57235,57236,57237,57238,57239,57241,57243,57246,57247,57248,57249,57250,57251,57254,57258,57263,57279,57280,57283,57284,57287,57288,57290,57291,57292,57299,57301,57307,57336,57360,57363,57364,57365,57371,57372,57377,57378,57381,57384,57385,57398,57403,57405,57406,57407,57410,57411,57412,57417,57423,57430,57432,57454,57456,57460,57461,57464,57478,57479,57487,57941,57948,57949,57950,57951,57964,57983,57985,57987,57988,57989,57993,58144,58145,58152,58153,58156,58157,58158,58159,58163,58168,58169,58179,58180,58190,58199,61212,61224,61226,61227,61228,61248,61268,61269,61271,61280,61281,61283,61290,61291,61292,61295,61298,61319,61324,61329,61330,61331,61333,61334,61336,61338,61339,61342,61344,61345,61346,61347,61348,61355,61363,61372,61374,61606,61613,61618,61619,61621,61622,61626,61631,61632,61639,61646,61650,61655,61657,61675,61741,62261,62264,62269,62270,62271,62272,62274,62276,62277,62296,62297,62301,62302,62308,62309,62310,62312,62314,62316,62606,62607,62615,62618,62623,62629,62642,62643,62647,62650,62651,62654,62656,62657,62705,62711,62712,62714,62715,62716,62718,62721,62723,62724,62725,62726,62727,62728,62729,62730,62731,62732,62734,62750,62752,62761,62763,62764,62803,62804,62809,62811,62815,62816,62817,62819,62823,62832,62837,62839,62840,62843,62847,62852,62856,62858,62892,62899,62901,63060,63062,63063,63064,63079,63080,63083,63084,63089,63090,63095,63097,63103,63106,63110,67533,67542,67544,67545,67546,67547,67562,67587,67599,67600,67602,67603,67607,67608,67609,67615,67616,67617,67618,67631,67641,67642,68176,68177,68183,68184,68185,68186,68187,68188,68189,68190,68191,68192,70207,70210,70211,70216,70217,70218,70220,70221,70222,70233,70236,70239,70240,70241,70242,70248,70249,70250,70251,70254,70262,70264,70265,70267,70269,70270,70271,70273,70274,70289,70333,70335,70336,70337,70338,70339,70493]},{"curveId":"geometric petal","param":[25.001,1.6486590594120882],"axis1":{"Pt1":[-10.782618840465302,-24.418686992387343,-6.3505417354783091],"Pt2":[12.885751712114962,-19.965238929306377,-0.40820975961403683]},"axis2":{"Pt1":[-0.16516525735429122,-26.244676951049165,4.5041635830389257],"Pt2":[3.2346682264528055,-14.920444335572407,-17.524292762174106]},"vertices":[55,248,257,260,261,283,284,300,304,305,345,424,425,434,436,437,478,484,487,537,539,847,1383,1404,1410,1486,1487,1489,1492,1516,3337,3342,3345,3347,3407,3439,14095,14096,14228,14246,14249,14263,14264,14273,14276,14278,14297,14312,14313,14318,14324,14326,14329,14330,14331,14332,14333,14344,14345,14347,14362,14363,14372,14373,14376,14377,14397,14399,14401,14403,14404,14461,14474,14479,14484,14492,14506,14516,14517,14519,14520,14531,14532,14534,14541,14543,14552,14556,14558,14562,14566,14570,14572,14577,14580,14582,14613,14614,14676,14683,14689,14691,14695,14715,14740,14741,14751,14777,14783,14789,14830,14834,14838,14843,14846,15102,15103,15106,15107,15108,15113,15115,15121,15124,15126,15128,15135,15138,15142,15145,15151,15152,15154,15156,15168,15171,15175,15176,15178,15179,15183,15188,15223,15228,15258,15262,15274,15277,15278,15280,15282,15283,15291,15292,15319,15331,15332,15352,15362,15364,15377,15378,15397,15401,15402,15405,15411,15412,15416,15425,15448,15450,15453,15455,15462,15466,15476,15487,15490,15491,15497,15498,15533,15536,15541,15542,15569,15574,15580,15649,15666,15724,15743,15745,15759,15760,15817,15818,15819,15820,15821,15824,15832,15847,15852,15855,15862,15863,15948,15953,15957,15961,15962,15968,15974,15997,16099,16102,16255,16262,16263,16265,16267,16269,16274,16276,16338,16339,16344,16348,16349,16358,16359,16361,16364,16365,16366,16367,16372,16373,16376,16379,16390,16392,16393,16394,16395,16396,16397,16399,16400,16402,16403,16405,16412,16422,16423,16424,16426,16428,16430,16436,16441,16443,16446,16447,16448,16449,16450,16454,16455,16456,16462,16465,16466,16467,16470,16474,16478,16491,16493,16494,16501,16502,16523,16524,16529,16530,16534,16536,16537,16545,16546,16548,16561,16562,16563,16566,16568,16598,16603,16607,16622,16626,16628,16629,16637,16638,16644,16645,16646,16647,16649,16653,16657,16662,16664,16668,16671,16684,16687,16689,16690,16704,20014,20027,20030,20035,20037,20038,20041,20043,20045,20046,20047,20049,20050,20051,20054,20055,21069,21074,21075,21076,21078,21085,21086,21087,21088,21089,21090,21091,21092,21097,21098,21100,21105,21106,21111,21112,21119,21123,21125,21132,21142,21148,21149,21159,21161,21162,21163,21164,21166,21170,21175,21193,21204,21206,21208,21209,21212,21213,21214,21215,21222,21225,21233,21236,21244,21250,21251,21254,21255,21263,21264,21267,21281,21282,21283,21284,21285,21287,21293,21295,21297,21307,21310,21314,21316,21317,21318,21322,21323,21324,21326,21328,21334,21336,21345,21349,21350,21354,21360,21361,21381,21384,21410,21414,21427,21446,21450,21461,21463,21471,21476,21481,21485,21488,21500,21503,21510,21513,21515,21519,21521,21523,21527,21540,21554,21555,21557,21563,21564,21565,21566,21569,21578,21579,21582,21587,21595,21596,21597,21600,22840,24974,25002,25009,25068,25080,25081,25092,25093,25096,25098,25106,25107,25116,25117,25125,25127,25130,25131,25135,25138,25147,25149,25150,25157,25159,25164,25170,25172,25178,25182,25189,25204,25205,25212,25216,25925,25997,25999,26006,26007,26011,26012,26017,26022,26024,26025,26028,26045,26046,26047,26051,26053,26061,26062,26091,26095,26104,26108,26111,26114,26115,26116,26124,26128,26133,26134,26135,26137,26146,26149,26155,26157,26160,26165,26166,26179,26185,26194,26198,26201,26209,26210,26215,26217,26218,26228,26231,26233,26234,26236,26239,26241,26247,26258,26262,26274,26279,26284,26286,26294,26295,26296,26307,26314,26316,26321,26331,26341,26351,26355,26360,26363,26365,26375,26382,26393,26398,26399,26400,26430,26431,26433,26434,26443,26451,26452,26453,26455,26459,26463,26464,26468,26472,26475,26484,26496,26498,26502,26503,26510,26511,26513,26515,26518,26519,26522,26527,26530,26531,26533,26538,26541,26542,26551,26555,26564,26565,26577,26578,26599,26602,26607,26608,26610,26613,26616,26617,26630,26663,28651,28652,28656,28657,28661,28688,28689,28694,28697,28704,28705,28744,28746,28768,28803,28805,28807,28808,28811,28819,28820,28825,28834,28838,28840,28841,28845,28851,28854,28859,28860,28862,28866,28872,28873,28878,28881,28883,28897,28900,28907,28908,28909,28910,28912,28921,28928,28938,28941,28942,28944,28946,28947,28952,28957,28978,28982,28983,28984,28989,28990,28991,29000,29005,29007,29009,29010,29011,29012,29013,29032,29035,29038,29041,29042,29043,29044,29045,29047,29059,29062,29069,29071,29076,29077,29078,29080,29084,29089,29090,29094,29097,29099,29110,29115,29133,29136,29139,29144,29147,29151,29152,29153,29154,29157,29159,29162,29181,29196,29199,29200,29201,29204,29206,29209,29210,29217,29218,29222,29223,29224,29228,29230,29232,29233,29240,29243,29244,29249,29250,29251,29255,29260,29263,29265,29266,29268,29269,29274,29275,29280,29281,29286,29287,29289,29307,29309,29316,29317,29321,29324,29325,29328,29332,29334,29339,29346,29364,29379,29380,29381,29391,29395,29396,29397,29399,29400,29413,29414,29416,29419,29422,29436,29442,29443,29444,29447,29448,29452,29456,29467,29470,29471,29476,29480,29503,29701,29702,29707,