{"features":[{"curveId":"geometric petal","param":[4.523,1.1026775683686481],"axis1":{"Pt1":[1.8768595737022491,-12.760759603104569,-14.099989394671567],"Pt2":[4.473579979469573,-10.635555574808484,-8.28951654461072]},"axis2":{"Pt1":[4.1535001524081441,-12.987323154039267,-11.160432314035114],"Pt2":[1.4199555287930985,-9.3850924577322878,-11.256332268618127]},"vertices":[179,181,673,679,680,704,14962,14965,14967,14971,14972,14976,14977,14979,14980,14995,14999,15002,15016,15021,15022,15024,15626,15635,39975,39979,39980,39982,39985,39986,39991,40015,40017,40019,40021,40022,40023,40039,40040,40046,40047,40060,40062,40068,40069,40078,40081,40083,40087,40089,40179,40183,40184,40185,40187,40190,40196,40197,40198,40199,40200,40220,40221,40222,40223,40224,40227,40228,40229,40230,40386,40387,40396,40397,40398,40399,40400,40401,40402,40403,40404,40410,40412,40415,40416,40880,40881,40884,40891,40896,40897,40899,40901,40904,40907,40911,40923,40924,40926,40929,41245,41252,41254,41259,41262,41277,41284,41288,41289,41290,41292,41294,41295,41302,41304,41307,41320,41324,41325,41327,41336,41338,41344,41351,41352,41721,41724,41726,41747,42046,42047,42048,42049,42050,42052,42054,42055,42060,42061,42070,42073,42076,42078,42081,42087,42096,42097,42098,42099,42100,42101,42102,42135,42137,42140,42141,42142,42143,42144,42156,42169,42173,42177,42178,42181,42182,42183,42184,42206,42207,42211,42213,42214,42216,42217,42219,42220,42226,42227,42230,42283,42284,42287,42291,42297,42299,42300,42305,42306,42307,42337,42340,42341,42342,42344,42346,42348,42398,42399,42411,42444,42453,42456,42462,42615,42618,42619,42629,42630,42632,42640,42641,42662,42663,42664,42679,42684,42685,42693,42694,42696,42745,42749,42755,42756,42758,42759,42813,42814,42824,42836,42839,42843,42845,42846,42850,42851,42852,42856,42857,42862,42864]},{"curveId":"geometric petal","param":[3.079,0.82073752854723048],"axis1":{"Pt1":[3.1568761251782256,-13.502625271877191,2.0560526947335167],"Pt2":[4.98823064240942,-10.572854606631015,-3.0156050486582795]},"axis2":{"Pt1":[4.7350839384646957,-12.882379605094133,-0.72846649783915085],"Pt2":[2.8838183090390936,-10.52225844299022,-0.033567462369462286]},"vertices":[949,1368,1369,28225,28226,28227,28230,28478,28479,28480,28484,28485,28493,28497,28516,28518,28519,28520,28521,28524,28527,28528,28529,29132,29135,29243,29251,29255,29256,29257,29258,29261,29262,29263,29265,29272,29276,29282,29284,29295,29297,29299,29307,29310,29319,29330,29337,29343,29360,29361,29363,51675,51677,51688,51722,51726,51727,51731,51738,51743,51744,51745,51749,51753,51755,51788,51789,51806,51807,51808,51809,51831,51834,51836,51866,51869,51877,51878,51883,51884,51897,51898,51904,51934,51935,51947,51951,51952,51953,51960,51978,51980,52024,52028,52029,52030,52033,52035,52041,52043,52044,52045,52046,52050,52051,52076,52078,52079,52084,52085,52086,52087,52093,52095,52098,52099,52100,52101,52102,52108,52130,52131,52159,52498,52503,52504,52507,52512,52518,52520,52521,52524,52525,52529,52535,52536,52539,52550,52551,52553,52554,52559,52601,52603,52612,52615,52616,52617,52620,52625,53945,53958,53959,53962,53996,54010,54015,54017,54022,54023,54024,54026,54030,54048,54049,54050,54051,54052,54053,54054,54055,54057,54058,54068,54069,54075,54077,54082,54083,54091,54094,54095,54096,54097,54098,54100,54101,54107,54165,54198,54201,54202,54203,54204,54209,54214,54218,54222,54223,54224,54226,54228,54229,54269,54271,54272,54273,54292,54293,54294,54296,54299,54301,54302,54303,54304,54306,54307,54308,54309,54310,54311,54314,54315,54318,54319,54320,54333,54334,54335,54336,54339,54340,54341,54342,54344,54346,54347,54348,54349,54350,54352,54353,54354,54355,54357,54363,54364,54365,54367,54369,54371,54372,54375,54376,54377,54378,54383,54384,54385,54386]},{"curveId":"geometric petal","param":[16.169,1.0969222675850567],"axis1":{"Pt1":[-5.8069494089292331,-19.170836374224244,-5.6462690609295549],"Pt2":[16.785345330469454,-27.554775294112748,-6.480845938655114]},"axis2":{"Pt1":[3.48900985003553,-28.783738070079053,-5.75211174840704],"Pt2":[9.0780041623478844,-13.6363830431522,-6.6223641630396761]},